{"cameraMode":{"drawMode":0,"name":"Shaded","section":"Shading Mode"},"sceneLighting":true,"audioPlay":false,"sceneViewState":{"showFog":true,"showMaterialUpdate":false,"showSkybox":true,"showFlares":true,"showImageEffects":true,"showParticleSystems":true},"in2DMode":false,"pivot":{"x":-0.3909149169921875,"y":29.5234375,"z":9.9765625},"rotation":{"x":0.8260109424591065,"y":-0.001690931268967688,"z":0.0024780554231256248,"w":0.5636460781097412},"size":21.54045295715332,"orthographic":true}