{"cameraMode":{"drawMode":0,"name":"Shaded","section":"Shading Mode"},"sceneLighting":false,"audioPlay":false,"sceneViewState":{"showFog":true,"showMaterialUpdate":false,"showSkybox":false,"showFlares":true,"showImageEffects":true,"showParticleSystems":true},"in2DMode":false,"pivot":{"x":8.940696716308594e-8,"y":0.7735258340835571,"z":0.11410698294639588},"rotation":{"x":0.05770387127995491,"y":-0.7233793139457703,"z":0.06090712174773216,"w":0.6853342652320862},"size":4.1119160652160648,"orthographic":true}