{"cameraMode":{"drawMode":0,"name":"Shaded","section":"Shading Mode"},"sceneLighting":true,"audioPlay":false,"sceneViewState":{"showFog":true,"showMaterialUpdate":false,"showSkybox":true,"showFlares":true,"showImageEffects":true,"showParticleSystems":true},"in2DMode":false,"pivot":{"x":-1.5052493810653687,"y":1.56640625,"z":-5.307464599609375},"rotation":{"x":0.7081379890441895,"y":-0.006354321725666523,"z":0.006373414304107428,"w":0.7060167789459229},"size":20.278409957885743,"orthographic":true}