{"cameraMode":{"drawMode":0,"name":"Shaded","section":"Shading Mode"},"sceneLighting":true,"audioPlay":false,"sceneViewState":{"showFog":true,"showMaterialUpdate":false,"showSkybox":true,"showFlares":true,"showImageEffects":true,"showParticleSystems":true},"in2DMode":false,"pivot":{"x":-0.04197404906153679,"y":1.437095284461975,"z":0.27490732073783877},"rotation":{"x":0.06768863648176193,"y":-0.7152640223503113,"z":0.0699600800871849,"w":0.6920413374900818},"size":18.29937171936035,"orthographic":true}