{"cameraMode":{"drawMode":0,"name":"Shaded","section":"Shading Mode"},"sceneLighting":true,"audioPlay":false,"sceneViewState":{"showFog":true,"showMaterialUpdate":false,"showSkybox":true,"showFlares":true,"showImageEffects":true,"showParticleSystems":true},"in2DMode":false,"pivot":{"x":-1.1562445163726807,"y":0.8122196197509766,"z":1.4187116622924805},"rotation":{"x":0.07091179490089417,"y":-0.7139034867286682,"z":0.07307179272174835,"w":0.6928014159202576},"size":15.487722396850586,"orthographic":true}