{"cameraMode":{"drawMode":0,"name":"Shaded","section":"Shading Mode"},"sceneLighting":true,"audioPlay":false,"sceneViewState":{"showFog":true,"showMaterialUpdate":false,"showSkybox":true,"showFlares":true,"showImageEffects":true,"showParticleSystems":true},"in2DMode":false,"pivot":{"x":4.023601531982422,"y":7.053467750549316,"z":0.0625821202993393},"rotation":{"x":0.20640625059604646,"y":-0.6766802668571472,"z":0.20665383338928224,"w":0.6758657693862915},"size":16.818822860717775,"orthographic":true}