{"cameraMode":{"drawMode":0,"name":"Shaded","section":"Shading Mode"},"sceneLighting":true,"audioPlay":false,"sceneViewState":{"showFog":true,"showMaterialUpdate":false,"showSkybox":true,"showFlares":true,"showImageEffects":true,"showParticleSystems":true},"in2DMode":false,"pivot":{"x":-5.938147068023682,"y":3.08370041847229,"z":2.357666492462158},"rotation":{"x":0.28528809547424319,"y":-0.03449447080492973,"z":0.010274807922542096,"w":0.9577657580375671},"size":36.70487594604492,"orthographic":true}