{"cameraMode":{"drawMode":0,"name":"Shaded","section":"Shading Mode"},"sceneLighting":true,"audioPlay":false,"sceneViewState":{"showFog":true,"showMaterialUpdate":false,"showSkybox":true,"showFlares":true,"showImageEffects":true,"showParticleSystems":true},"in2DMode":false,"pivot":{"x":-1.8769088983535767,"y":-1.6361372470855713,"z":-5.264389991760254},"rotation":{"x":0.031036484986543657,"y":-0.7231395244598389,"z":0.03256314992904663,"w":0.6892355680465698},"size":9.427967071533204,"orthographic":true}