{"cameraMode":{"drawMode":0,"name":"Shaded","section":"Shading Mode"},"sceneLighting":true,"audioPlay":false,"sceneViewState":{"showFog":true,"showMaterialUpdate":false,"showSkybox":true,"showFlares":true,"showImageEffects":true,"showParticleSystems":true},"in2DMode":false,"pivot":{"x":-200.41552734375,"y":-294.32421875,"z":2858.757080078125},"rotation":{"x":0.10585825890302658,"y":-0.771534264087677,"z":0.1332336813211441,"w":0.6130090355873108},"size":168049.484375,"orthographic":false}