{"cameraMode":{"drawMode":0,"name":"Shaded","section":"Shading Mode"},"sceneLighting":true,"audioPlay":false,"sceneViewState":{"showFog":true,"showMaterialUpdate":true,"showSkybox":true,"showFlares":true,"showImageEffects":true,"showParticleSystems":true},"in2DMode":false,"pivot":{"x":0.6059986352920532,"y":3.501305103302002,"z":0.49358654022216799},"rotation":{"x":0.06333792209625244,"y":-0.7177449464797974,"z":0.06585757434368134,"w":0.6902850270271301},"size":11.055724143981934,"orthographic":true}