{"cameraMode":{"drawMode":0,"name":"Shaded","section":"Shading Mode"},"sceneLighting":false,"audioPlay":false,"sceneViewState":{"showFog":true,"showMaterialUpdate":false,"showSkybox":false,"showFlares":true,"showImageEffects":true,"showParticleSystems":true},"in2DMode":false,"pivot":{"x":22.884201049804689,"y":-0.3908500671386719,"z":2.7081947326660158},"rotation":{"x":-0.1349972039461136,"y":-0.8492761254310608,"z":0.2616046369075775,"w":-0.4382566809654236},"size":84.13260650634766,"orthographic":false}